Ratchet,DemandTier,PeakDemand
1,1,0,
2,1,0,
3,1,0,
4,1,0,
5,1,0,
6,1,0,
7,1,0,
8,1,0,
9,1,0,
10,1,0,
11,1,0,
12,1,0,
,
Month,Peak_Demand
1,0.196041,
2,0.434017,
3,0.481649,
4,0.605666,
5,0.675935,
6,0.696083,
7,0.766378,
8,0.739297,
9,0.686729,
10,0.489075,
11,0.505482,
12,0.404093,
