{
  "recip_engine": {
    "installed_cost_us_dollars_per_kw": [
      2416.6666666666665 ,
      3100.0 ,
      2800.0 ,
      2535.0 ,
      2085.0 ,
      1615.0
    ] ,
    "om_cost_us_dollars_per_kw": [
      0 ,
      0 ,
      0 ,
      0 ,
      0 ,
      0
    ] ,
    "om_cost_us_dollars_per_kwh": [
      0.019000000000000003 ,
      0.0245 ,
      0.0225 ,
      0.02 ,
      0.0175 ,
      0.0125
    ] ,
    "om_cost_us_dollars_per_hr_per_kw_rated": [
      0 ,
      0 ,
      0 ,
      0 ,
      0 ,
      0
    ] ,
    "elec_effic_full_load": [
      0.3573333333333333 ,
      0.2975 ,
      0.3205 ,
      0.3605 ,
      0.39249999999999996 ,
      0.414
    ] ,
    "elec_effic_half_load": [
      0.32159999999999994 ,
      0.26775 ,
      0.28845000000000004 ,
      0.32445 ,
      0.35324999999999995 ,
      0.3726
    ] ,
    "thermal_effic_full_load": [
      0.4418333333333333 ,
      0.516 ,
      0.4925 ,
      0.4415 ,
      0.40800000000000003 ,
      0.368
    ] ,
    "thermal_effic_half_load": [
      0.4664 ,
      0.5378519572953737 ,
      0.5157297645327446 ,
      0.46638831118060986 ,
      0.4343604938271605 ,
      0.3939986348122866
    ] ,
    "min_allowable_kw": [
      15.0 ,
      15.0 ,
      50.0 ,
      315.0 ,
      570.0 ,
      1650.0
    ] ,
    "min_kw": [
      0 ,
      0 ,
      0 ,
      0 ,
      0 ,
      0
    ] ,
    "max_kw": [
      10000 ,
      10000 ,
      10000 ,
      10000 ,
      10000 ,
      10000
    ] ,
    "min_turn_down_pct": [
      0.5 ,
      0.5 ,
      0.5 ,
      0.5 ,
      0.5 ,
      0.5
    ] ,
    "max_derate_factor": [
      1.0 ,
      1.0 ,
      1.0 ,
      1.0 ,
      1.0 ,
      1.0
    ] ,
    "derate_start_temp_degF": [
      95 ,
      95 ,
      95 ,
      95 ,
      95 ,
      95
    ] ,
    "derate_slope_pct_per_degF": [
      0.008 ,
      0.008 ,
      0.008 ,
      0.008 ,
      0.008 ,
      0.008
    ]
  } ,
  "micro_turbine": {
    "installed_cost_us_dollars_per_kw": [
      3010.0 ,
      3410.0 ,
      3185.0 ,
      2743.3333333333335
    ] ,
    "om_cost_us_dollars_per_kw": [
      0 ,
      0 ,
      0 ,
      0
    ] ,
    "om_cost_us_dollars_per_kwh": [
      0.021200000000000004 ,
      0.026000000000000002 ,
      0.026000000000000002 ,
      0.018000000000000002
    ] ,
    "om_cost_us_dollars_per_hr_per_kw_rated": [
      0 ,
      0 ,
      0 ,
      0
    ] ,
    "elec_effic_full_load": [
      0.2658 ,
      0.2405 ,
      0.264 ,
      0.2826666666666667
    ] ,
    "elec_effic_half_load": [
      0.21264 ,
      0.19240000000000002 ,
      0.21120000000000003 ,
      0.22613333333333335
    ] ,
    "thermal_effic_full_load": [
      0.4202 ,
      0.46950000000000003 ,
      0.4225 ,
      0.3873333333333333
    ] ,
    "thermal_effic_half_load": [
      0.4506247235085808 ,
      0.499233969716919 ,
      0.45280978260869564 ,
      0.4178592317224287
    ] ,
    "min_allowable_kw": [
      21.0 ,
      21.0 ,
      42.0 ,
      133.0
    ] ,
    "min_kw": [
      0 ,
      0 ,
      0 ,
      0
    ] ,
    "max_kw": [
      1000 ,
      1000 ,
      1000 ,
      1000
    ] ,
    "min_turn_down_pct": [
      0.3 ,
      0.3 ,
      0.3 ,
      0.3
    ] ,
    "max_derate_factor": [
      1.0 ,
      1.0 ,
      1.0 ,
      1.0
    ] ,
    "derate_start_temp_degF": [
      59 ,
      59 ,
      59 ,
      59
    ] ,
    "derate_slope_pct_per_degF": [
      0.012 ,
      0.012 ,
      0.012 ,
      0.012
    ]
  } ,
  "combustion_turbine": {
    "installed_cost_us_dollars_per_kw": [
      2816.285714285714 ,
      4190.0 ,
      3610.0 ,
      3068.5 ,
      2417.0 ,
      1883.5 ,
      1590.0
    ] ,
    "om_cost_us_dollars_per_kw": [
      0 ,
      0 ,
      0 ,
      0 ,
      0 ,
      0 ,
      0
    ] ,
    "om_cost_us_dollars_per_kwh": [
      0.012285714285714283 ,
      0.014499999999999999 ,
      0.0135 ,
      0.013000000000000001 ,
      0.0125 ,
      0.011 ,
      0.0095
    ] ,
    "om_cost_us_dollars_per_hr_per_kw_rated": [
      0 ,
      0 ,
      0 ,
      0 ,
      0 ,
      0 ,
      0
    ] ,
    "elec_effic_full_load": [
      0.26599999999999996 ,
      0.2175 ,
      0.23099999999999998 ,
      0.2525 ,
      0.2795 ,
      0.2955 ,
      0.3155
    ] ,
    "elec_effic_half_load": [
      0.2128 ,
      0.17400000000000002 ,
      0.1848 ,
      0.202 ,
      0.22360000000000002 ,
      0.2364 ,
      0.2524
    ] ,
    "thermal_effic_full_load": [
      0.4222857142857143 ,
      0.4605 ,
      0.4515 ,
      0.4255 ,
      0.42500000000000004 ,
      0.4075 ,
      0.3855
    ] ,
    "thermal_effic_half_load": [
      0.4528927987543792 ,
      0.48609968051118213 ,
      0.4786252275682705 ,
      0.45424615384615386 ,
      0.4579736294240112 ,
      0.44168488289567065 ,
      0.42103696128560997
    ] ,
    "min_allowable_kw": [
      950.0 ,
      950.0 ,
      1800.0 ,
      3300.0 ,
      5400.0 ,
      7500.0 ,
      14000.0
    ] ,
    "min_kw": [
      0 ,
      0 ,
      0 ,
      0 ,
      0 ,
      0 ,
      0
    ] ,
    "max_kw": [
      20000 ,
      20000 ,
      20000 ,
      20000 ,
      20000 ,
      20000 ,
      20000
    ] ,
    "min_turn_down_pct": [
      0.5 ,
      0.5 ,
      0.5 ,
      0.5 ,
      0.5 ,
      0.5 ,
      0.5
    ] ,
    "max_derate_factor": [
      1.1 ,
      1.1 ,
      1.1 ,
      1.1 ,
      1.1 ,
      1.1 ,
      1.1
    ] ,
    "derate_start_temp_degF": [
      59 ,
      59 ,
      59 ,
      59 ,
      59 ,
      59 ,
      59
    ] ,
    "derate_slope_pct_per_degF": [
      0.012 ,
      0.012 ,
      0.012 ,
      0.012 ,
      0.012 ,
      0.012 ,
      0.012
    ]
  } ,
  "fuel_cell": {
    "installed_cost_us_dollars_per_kw": [
      6133.333333333333 ,
      10000.0 ,
      7300.0 ,
      4200.0
    ] ,
    "om_cost_us_dollars_per_kw": [
      0 ,
      0 ,
      0 ,
      0
    ] ,
    "om_cost_us_dollars_per_kwh": [
      0.03833333333333333 ,
      0.045 ,
      0.042499999999999996 ,
      0.035
    ] ,
    "om_cost_us_dollars_per_hr_per_kw_rated": [
      0 ,
      0 ,
      0 ,
      0
    ] ,
    "elec_effic_full_load": [
      0.425 ,
      0.425 ,
      0.425 ,
      0.425
    ] ,
    "elec_effic_half_load": [
      0.3825 ,
      0.3825 ,
      0.3825 ,
      0.3825
    ] ,
    "thermal_effic_full_load": [
      0.3246666666666666 ,
      0.32799999999999996 ,
      0.32549999999999996 ,
      0.32299999999999995
    ] ,
    "thermal_effic_half_load": [
      0.34866376811594196 ,
      0.3522434782608695 ,
      0.3495586956521739 ,
      0.34687391304347814
    ] ,
    "min_allowable_kw": [
      15.0 ,
      15.0 ,
      160.0 ,
      700.0
    ] ,
    "min_kw": [
      0 ,
      0 ,
      0 ,
      0
    ] ,
    "max_kw": [
      5000 ,
      5000 ,
      5000 ,
      5000
    ] ,
    "min_turn_down_pct": [
      0.3 ,
      0.3 ,
      0.3 ,
      0.3
    ] ,
    "max_derate_factor": [
      1.0 ,
      1.0 ,
      1.0 ,
      1.0
    ] ,
    "derate_start_temp_degF": [
      59 ,
      59 ,
      59 ,
      59
    ] ,
    "derate_slope_pct_per_degF": [
      0.008 ,
      0.008 ,
      0.008 ,
      0.008
    ]
  }
}