{
  "recip_engine": {
    "installed_cost_us_dollars_per_kw": [
      [
        3300.0 ,
        1430.0
      ] ,
      [
        3300.0 ,
        2900.0
      ] ,
      [
        2900.0 ,
        2700.0
      ] ,
      [
        2700.0 ,
        2370.0
      ] ,
      [
        2370.0 ,
        1800.0
      ] ,
      [
        1800.0 ,
        1430.0
      ]
    ] ,
    "tech_size_for_cost_curve": [
      [
        30 ,
        9300
      ] ,
      [
        30 ,
        100
      ] ,
      [
        100 ,
        630
      ] ,
      [
        630 ,
        1140
      ] ,
      [
        1140 ,
        3300
      ] ,
      [
        3300 ,
        9300
      ]
    ] ,
    "om_cost_us_dollars_per_kw": [
      0 ,
      0 ,
      0 ,
      0 ,
      0 ,
      0
    ] ,
    "om_cost_us_dollars_per_kwh": [
      0.019000000000000003 ,
      0.0245 ,
      0.0225 ,
      0.02 ,
      0.0175 ,
      0.0125
    ] ,
    "om_cost_us_dollars_per_hr_per_kw_rated": [
      0 ,
      0 ,
      0 ,
      0 ,
      0 ,
      0
    ] ,
    "elec_effic_full_load": [
      0.35633333333333334 ,
      0.2965 ,
      0.32099999999999995 ,
      0.358 ,
      0.39 ,
      0.4145
    ] ,
    "elec_effic_half_load": [
      0.35633333333333334 ,
      0.2965 ,
      0.32099999999999995 ,
      0.358 ,
      0.39 ,
      0.4145
    ] ,
    "thermal_effic_full_load": [
      [
        0.4418333333333333 ,
        0.516 ,
        0.4925 ,
        0.4415 ,
        0.40800000000000003 ,
        0.368
      ] ,
      [
        0.148 ,
        0.0 ,
        0.182 ,
        0.16849999999999998 ,
        0.14400000000000002 ,
        0.1275
      ]
    ] ,
    "thermal_effic_half_load": [
      [
        0.4418333333333333 ,
        0.516 ,
        0.4925 ,
        0.4415 ,
        0.40800000000000003 ,
        0.368
      ] ,
      [
        0.129 ,
        0.091 ,
        0.182 ,
        0.16849999999999998 ,
        0.14400000000000002 ,
        0.1275
      ]
    ] ,
    "min_allowable_kw": [
      15.0 ,
      15.0 ,
      50.0 ,
      315.0 ,
      570.0 ,
      1650.0
    ] ,
    "cooling_thermal_factor": [
      0.8300000000000001 ,
      0.8 ,
      0.8 ,
      0.85 ,
      0.85 ,
      0.85
    ] ,
    "min_kw": [
      0 ,
      0 ,
      0 ,
      0 ,
      0 ,
      0
    ] ,
    "max_kw": [
      10000 ,
      10000 ,
      10000 ,
      10000 ,
      10000 ,
      10000
    ] ,
    "min_turn_down_pct": [
      0.5 ,
      0.5 ,
      0.5 ,
      0.5 ,
      0.5 ,
      0.5
    ] ,
    "max_derate_factor": [
      1.0 ,
      1.0 ,
      1.0 ,
      1.0 ,
      1.0 ,
      1.0
    ] ,
    "derate_start_temp_degF": [
      95 ,
      95 ,
      95 ,
      95 ,
      95 ,
      95
    ] ,
    "derate_slope_pct_per_degF": [
      0.0 ,
      0.0 ,
      0.0 ,
      0.0 ,
      0.0 ,
      0.0
    ]
  } ,
  "micro_turbine": {
    "installed_cost_us_dollars_per_kw": [
      [
        3600.0 ,
        2400.0
      ] ,
      [
        3600.0 ,
        3220.0
      ] ,
      [
        3220.0 ,
        3150.0
      ] ,
      [
        3150.0 ,
        2500.0
      ] ,
      [
        2500.0 ,
        2400.0
      ]
    ] ,
    "tech_size_for_cost_curve": [
      [
        30 ,
        1290
      ] ,
      [
        30 ,
        60
      ] ,
      [
        60 ,
        190
      ] ,
      [
        190 ,
        950
      ] ,
      [
        950 ,
        1290
      ]
    ] ,
    "om_cost_us_dollars_per_kw": [
      0 ,
      0 ,
      0 ,
      0 ,
      0
    ] ,
    "om_cost_us_dollars_per_kwh": [
      0.017333333333333333 ,
      0.026000000000000002 ,
      0.021 ,
      0.013333333333333334 ,
      0.012
    ] ,
    "om_cost_us_dollars_per_hr_per_kw_rated": [
      0 ,
      0 ,
      0 ,
      0 ,
      0
    ] ,
    "elec_effic_full_load": [
      0.27116666666666667 ,
      0.24 ,
      0.2635 ,
      0.2846666666666667 ,
      0.2885
    ] ,
    "elec_effic_half_load": [
      0.27116666666666667 ,
      0.24 ,
      0.2635 ,
      0.2846666666666667 ,
      0.2885
    ] ,
    "thermal_effic_full_load": [
      [
        0.4116666666666666 ,
        0.47350000000000003 ,
        0.4275 ,
        0.38233333333333325 ,
        0.376
      ] ,
      [
        0.0 ,
        0.0 ,
        0.0 ,
        0.0 ,
        0.0
      ]
    ] ,
    "thermal_effic_half_load": [
      [
        0.4116666666666666 ,
        0.47350000000000003 ,
        0.4275 ,
        0.38233333333333325 ,
        0.376
      ] ,
      [
        0.0 ,
        0.0 ,
        0.0 ,
        0.0 ,
        0.0
      ]
    ] ,
    "min_allowable_kw": [
      21.0 ,
      21.0 ,
      42.0 ,
      133.0 ,
      665.0
    ] ,
    "cooling_thermal_factor": [
      0.94 ,
      0.94 ,
      0.94 ,
      0.94 ,
      0.94
    ] ,
    "min_kw": [
      0 ,
      0 ,
      0 ,
      0 ,
      0
    ] ,
    "max_kw": [
      1500 ,
      1500 ,
      1500 ,
      1500 ,
      1500
    ] ,
    "min_turn_down_pct": [
      0.3 ,
      0.3 ,
      0.3 ,
      0.3 ,
      0.3
    ] ,
    "max_derate_factor": [
      1.0 ,
      1.0 ,
      1.0 ,
      1.0 ,
      1.0
    ] ,
    "derate_start_temp_degF": [
      59 ,
      59 ,
      59 ,
      59 ,
      59
    ] ,
    "derate_slope_pct_per_degF": [
      0.0 ,
      0.0 ,
      0.0 ,
      0.0 ,
      0.0
    ]
  } ,
  "combustion_turbine": {
    "installed_cost_us_dollars_per_kw": [
      [
        4480.0 ,
        1474.0
      ] ,
      [
        4480.0 ,
        3900.0
      ] ,
      [
        3900.0 ,
        3320.0
      ] ,
      [
        3320.0 ,
        2550.0
      ] ,
      [
        2550.0 ,
        2017.0
      ] ,
      [
        2017.0 ,
        1650.0
      ] ,
      [
        1650.0 ,
        1474.0
      ]
    ] ,
    "tech_size_for_cost_curve": [
      [
        950 ,
        20000
      ] ,
      [
        950 ,
        1800
      ] ,
      [
        1800 ,
        3300
      ] ,
      [
        3300 ,
        5400
      ] ,
      [
        5400 ,
        7500
      ] ,
      [
        7500 ,
        14000
      ] ,
      [
        14000 ,
        20000
      ]
    ] ,
    "om_cost_us_dollars_per_kw": [
      0 ,
      0 ,
      0 ,
      0 ,
      0 ,
      0 ,
      0
    ] ,
    "om_cost_us_dollars_per_kwh": [
      0.012285714285714283 ,
      0.014499999999999999 ,
      0.0135 ,
      0.013000000000000001 ,
      0.0125 ,
      0.011 ,
      0.0095
    ] ,
    "om_cost_us_dollars_per_hr_per_kw_rated": [
      0 ,
      0 ,
      0 ,
      0 ,
      0 ,
      0 ,
      0
    ] ,
    "elec_effic_full_load": [
      0.26657142857142857 ,
      0.218 ,
      0.23149999999999998 ,
      0.2535 ,
      0.281 ,
      0.296 ,
      0.3155
    ] ,
    "elec_effic_half_load": [
      0.26657142857142857 ,
      0.218 ,
      0.23149999999999998 ,
      0.2535 ,
      0.281 ,
      0.296 ,
      0.3155
    ] ,
    "thermal_effic_full_load": [
      [
        0.4652857142857143 ,
        0.5065 ,
        0.49799999999999994 ,
        0.46950000000000003 ,
        0.468 ,
        0.4485 ,
        0.425
      ] ,
      [
        0.4224285714285715 ,
        0.46199999999999997 ,
        0.45099999999999996 ,
        0.42500000000000004 ,
        0.4255 ,
        0.40800000000000003 ,
        0.38450000000000006
      ]
    ] ,
    "thermal_effic_half_load": [
      [
        0.4652857142857143 ,
        0.5065 ,
        0.49799999999999994 ,
        0.46950000000000003 ,
        0.468 ,
        0.4485 ,
        0.425
      ] ,
      [
        0.4224285714285715 ,
        0.46199999999999997 ,
        0.45099999999999996 ,
        0.42500000000000004 ,
        0.4255 ,
        0.40800000000000003 ,
        0.38450000000000006
      ]
    ] ,
    "min_allowable_kw": [
      950.0 ,
      950.0 ,
      1800.0 ,
      3300.0 ,
      5400.0 ,
      7500.0 ,
      14000.0
    ] ,
    "cooling_thermal_factor": [
      0.9 ,
      0.9 ,
      0.9 ,
      0.9 ,
      0.9 ,
      0.9 ,
      0.9
    ] ,