Ratchet,DemandTier,PeakDemand
1,1,0,
2,1,0,
3,1,0,
4,1,0,
5,1,0,
6,1,0,
7,1,0,
8,1,0,
9,1,0,
10,1,0,
11,1,0,
12,1,0,
,
Month,Peak_Demand
1,0.20117,
2,0.442115,
3,0.503881,
4,0.622375,
5,0.728121,
6,0.799942,
7,0.883756,
8,0.868902,
9,0.781139,
10,0.523148,
11,0.513269,
12,0.395146,
