Ratchet,DemandTier,PeakDemand
1,1,0,
2,1,0,
3,1,0,
4,1,0,
5,1,0,
6,1,0,
7,1,0,
8,1,0,
9,1,0,
10,1,0,
11,1,0,
12,1,0,
,
Month,Peak_Demand
1,50,
1,0,
1,0,
2,50,
2,0,
2,0,
3,50,
3,0,
3,0,
4,50,
4,6.49981,
4,0,
5,50,
5,19.4367,
5,0,
6,50,
6,27.2378,
6,0,
7,50,
7,39.4292,
7,0,
8,50,
8,26.8647,
8,0,
9,50,
9,14.9649,
9,0,
10,50,
10,5.30606,
10,0,
11,50,
11,0,
11,0,
12,50,
12,0,
12,0,
