{
    "Miami": {
        "fastfoodrest": 53.47209411,
        "fullservicerest": 158.05180430000001,
        "hospital": 442.7295435,
        "largehotel": 3713.2483729999994,
        "largeoffice": 127.94127920000001,
        "mediumoffice": 22.09603477,
        "midriseapartment": 158.0580017,
        "outpatient": 27.60091429,
        "primaryschool": 105.31791650000001,
        "retailstore": 0.0,
        "secondaryschool": 250.12992459999998,
        "smallhotel": 242.232695,
        "smalloffice": 9.891779415,
        "stripmall": 0.0,
        "supermarket": 17.94985187,
        "warehouse": 0.0,
        "flatload": 333.0450133
    },
    "Houston": {
        "fastfoodrest": 62.56835989,
        "fullservicerest": 188.29281699999999,
        "hospital": 530.6352726,
        "largehotel": 4685.666667,
        "largeoffice": 160.89178080000002,
        "mediumoffice": 25.926689399999997,
        "midriseapartment": 199.25447869999996,
        "outpatient": 32.87691943,
        "primaryschool": 128.0705362,
        "retailstore": 0.0,
        "secondaryschool": 314.7654465,
        "smallhotel": 290.6293673,
        "smalloffice": 10.27839347,
        "stripmall": 0.0,
        "supermarket": 19.86608717,
        "warehouse": 0.0,
        "flatload": 415.60767589999995
    },
    "Phoenix": {
        "fastfoodrest": 57.34025418,
        "fullservicerest": 170.90863190000002,
        "hospital": 480.098265,
        "largehotel": 4127.191046,
        "largeoffice": 141.85074509999998,
        "mediumoffice": 23.71397275,
        "midriseapartment": 175.5949563,
        "outpatient": 29.83372212,
        "primaryschool": 116.811664,
        "retailstore": 0.0,
        "secondaryschool": 285.23393439999995,
        "smallhotel": 262.84877140000003,
        "smalloffice": 10.05557471,
        "stripmall": 0.0,
        "supermarket": 18.763782199999998,
        "warehouse": 0.0,
        "flatload": 368.7653325
    },
    "Atlanta": {
        "fastfoodrest": 71.33170579,
        "fullservicerest": 217.4332205,
        "hospital": 615.3498557,
        "largehotel": 5622.340656,
        "largeoffice": 192.7164525,
        "mediumoffice": 29.62182675,
        "midriseapartment": 238.9315749,
        "outpatient": 37.9759973,
        "primaryschool": 148.8362119,
        "retailstore": 0.0,
        "secondaryschool": 372.2083434,
        "smallhotel": 337.26880689999996,
        "smalloffice": 10.65138846,
        "stripmall": 0.0,
        "supermarket": 21.71038069,
        "warehouse": 0.0,
        "flatload": 494.7735263
    },
    "LasVegas": {
        "fastfoodrest": 63.63848459,
        "fullservicerest": 191.8494897,
        "hospital": 540.9697668,
        "largehotel": 4800.331564,
        "largeoffice": 164.71541240000002,
        "mediumoffice": 26.36796732,
        "midriseapartment": 204.1120165,
        "outpatient": 33.48190098,
        "primaryschool": 131.9651451,
        "retailstore": 0.0,
        "secondaryschool": 327.44108700000004,
        "smallhotel": 296.35787650000003,
        "smalloffice": 10.32392915,
        "stripmall": 0.0,
        "supermarket": 20.08676069,
        "warehouse": 0.0,
        "flatload": 425.7275876
    },
    "LosAngeles": {
        "fastfoodrest": 69.63212501,
        "fullservicerest": 211.78275290000002,
        "hospital": 598.9350422,
        "largehotel": 5440.174033,
        "largeoffice": 186.61990830000002,
        "mediumoffice": 28.91483286,
        "midriseapartment": 231.21532489999998,
        "outpatient": 37.00823296,
        "primaryschool": 142.8059487,
        "retailstore": 0.0,
        "secondaryschool": 352.7467563,
        "smallhotel": 328.19355299999995,
        "smalloffice": 10.58011717,
        "stripmall": 0.0,
        "supermarket": 21.35337379,
        "warehouse": 0.0,
        "flatload": 478.7476251
    },
    "SanFrancisco": {
        "fastfoodrest": 77.13092952,
        "fullservicerest": 236.71805940000002,
        "hospital": 671.40531,
        "largehotel": 6241.842643,
        "largeoffice": 213.8445094,
        "mediumoffice": 32.07909301,
        "midriseapartment": 265.1697301,
        "outpatient": 41.35500136,
        "primaryschool": 160.45074309999998,
        "retailstore": 0.0,
        "secondaryschool": 401.39565489999995,
        "smallhotel": 368.0979112,
        "smalloffice": 10.90004379,
        "stripmall": 0.0,
        "supermarket": 22.9292287,
        "warehouse": 0.0,
        "flatload": 546.4574286000001
    },
    "Baltimore": {
        "fastfoodrest": 78.2191761,
        "fullservicerest": 240.338156,
        "hospital": 681.9322322,
        "largehotel": 6358.7102859999995,
        "largeoffice": 217.73061319999996,
        "mediumoffice": 32.52815422,
        "midriseapartment": 270.1195541,
        "outpatient": 41.96148216,
        "primaryschool": 165.3116185,
        "retailstore": 0.0,
        "secondaryschool": 417.9512972,
        "smallhotel": 373.90641600000004,
        "smalloffice": 10.94554028,
        "stripmall": 0.0,
        "supermarket": 23.15795696,
        "warehouse": 0.0,
        "flatload": 557.0507802
    },
    "Albuquerque": {
        "fastfoodrest": 76.91498680000001,
        "fullservicerest": 235.9992545,
        "hospital": 669.3128607000001,
        "largehotel": 6219.08303,
        "largeoffice": 212.99447740000002,
        "mediumoffice": 31.97726287,
        "midriseapartment": 264.2063457,
        "outpatient": 41.20639013,
        "primaryschool": 162.1556119,
        "retailstore": 0.0,
        "secondaryschool": 409.1649863,
        "smallhotel": 366.9712928,
        "smalloffice": 10.88949351,
        "stripmall": 0.0,
        "supermarket": 22.88525618,
        "warehouse": 0.0,
        "flatload": 545.235078
    },
    "Seattle": {
        "fastfoodrest": 81.80231236,
        "fullservicerest": 252.2609525,
        "hospital": 716.6111323,
        "largehotel": 6741.736717,
        "largeoffice": 230.8057849,
        "mediumoffice": 34.04746055,
        "midriseapartment": 286.34121039999997,
        "outpatient": 44.07342164,
        "primaryschool": 172.0233322,
        "retailstore": 0.0,
        "secondaryschool": 434.08063110000006,
        "smallhotel": 392.968915,
        "smalloffice": 11.09863592,
        "stripmall": 0.0,
        "supermarket": 23.91178737,
        "warehouse": 0.0,
        "flatload": 588.8601432999999
    },
    "Chicago": {
        "fastfoodrest": 84.2645196,
        "fullservicerest": 260.4454844,
        "hospital": 740.4172516,
        "largehotel": 7005.083356,
        "largeoffice": 239.70659590000002,
        "mediumoffice": 35.08184587,
        "midriseapartment": 297.49385839999997,
        "outpatient": 45.49600079,
        "primaryschool": 179.46393469999998,
        "retailstore": 0.0,
        "secondaryschool": 456.8817409,
        "smallhotel": 406.07518319999997,
        "smalloffice": 11.2033023,
        "stripmall": 0.0,
        "supermarket": 24.429239199999998,
        "warehouse": 0.0,
        "flatload": 611.6276445
    },
    "Boulder": {
        "fastfoodrest": 83.95201542,
        "fullservicerest": 259.39977519999997,
        "hospital": 737.372005,
        "largehotel": 6971.329240000001,
        "largeoffice": 238.572519,
        "mediumoffice": 34.948670899999996,
        "midriseapartment": 296.06470989999997,
        "outpatient": 45.31437164,
        "primaryschool": 178.3378526,
        "retailstore": 0.0,
        "secondaryschool": 453.228537,
        "smallhotel": 404.41549460000005,
        "smalloffice": 11.18970855,
        "stripmall": 0.0,
        "supermarket": 24.365053200000002,
        "warehouse": 0.0,
        "flatload": 608.6556221
    },
    "Minneapolis": {
        "fastfoodrest": 89.48929949,
        "fullservicerest": 277.81842689999996,
        "hospital": 790.9262388,
        "largehotel": 7563.607618999999,
        "largeoffice": 258.6874644,
        "mediumoffice": 37.28641454,
        "midriseapartment": 321.1473562,