{
    "Miami": {
        "fastfoodrest": 5.426780867000001,
        "fullservicerest": 12.03181471,
        "hospital": 6248.413294,
        "largehotel": 198.0691407,
        "largeoffice": 168.9731637,
        "mediumoffice": 0.036985655,
        "midriseapartment": 38.70606161,
        "outpatient": 2559.185872,
        "primaryschool": 49.78021153,
        "retailstore": 12.12015432,
        "secondaryschool": 203.5185485,
        "smallhotel": 9.098564901,
        "smalloffice": 0.312524873,
        "stripmall": 20.73216748,
        "supermarket": 101.2785324,
        "warehouse": 56.0796017,
        "flatload": 605.2352137
    },
    "Houston": {
        "fastfoodrest": 85.49111065,
        "fullservicerest": 199.7942842,
        "hospital": 8732.10385,
        "largehotel": 1307.035548,
        "largeoffice": 2229.971744,
        "mediumoffice": 16.25994314,
        "midriseapartment": 386.0269973,
        "outpatient": 2829.324307,
        "primaryschool": 469.2532935,
        "retailstore": 289.0470815,
        "secondaryschool": 2011.1678969999998,
        "smallhotel": 108.9825885,
        "smalloffice": 19.55157672,
        "stripmall": 292.23235389999996,
        "supermarket": 984.7374347000001,
        "warehouse": 475.9377273,
        "flatload": 1277.307359
    },
    "Phoenix": {
        "fastfoodrest": 57.89972381,
        "fullservicerest": 147.2569493,
        "hospital": 9382.021026,
        "largehotel": 896.790817,
        "largeoffice": 1584.061452,
        "mediumoffice": 1.922551528,
        "midriseapartment": 290.9887152,
        "outpatient": 3076.340876,
        "primaryschool": 305.573525,
        "retailstore": 208.66330580000002,
        "secondaryschool": 1400.638544,
        "smallhotel": 83.98084516,
        "smalloffice": 9.988210938,
        "stripmall": 230.16060699999997,
        "supermarket": 972.3008295,
        "warehouse": 362.42249280000004,
        "flatload": 1188.188154
    },
    "Atlanta": {
        "fastfoodrest": 168.8402371,
        "fullservicerest": 379.5865464,
        "hospital": 10467.659959999999,
        "largehotel": 2427.6589879999997,
        "largeoffice": 3624.593975,
        "mediumoffice": 49.00635733,
        "midriseapartment": 718.9316697,
        "outpatient": 3186.250588,
        "primaryschool": 931.7212450999999,
        "retailstore": 627.2489826000001,
        "secondaryschool": 3968.4936420000004,
        "smallhotel": 202.26124219999997,
        "smalloffice": 42.74797302,
        "stripmall": 615.2240506,
        "supermarket": 1880.5304489999999,
        "warehouse": 930.9449202,
        "flatload": 1888.856302
    },
    "LasVegas": {
        "fastfoodrest": 100.0877773,
        "fullservicerest": 247.21791319999997,
        "hospital": 9100.302056,
        "largehotel": 1500.581408,
        "largeoffice": 2479.152321,
        "mediumoffice": 5.220181581,
        "midriseapartment": 487.43122850000003,
        "outpatient": 2924.8220460000002,
        "primaryschool": 499.6562223,
        "retailstore": 386.0185744,
        "secondaryschool": 2277.7410649999997,
        "smallhotel": 138.4427074,
        "smalloffice": 19.16330622,
        "stripmall": 389.30494280000005,
        "supermarket": 1479.302604,
        "warehouse": 579.7671637999999,
        "flatload": 1413.3882199999998
    },
    "LosAngeles": {
        "fastfoodrest": 40.90390152,
        "fullservicerest": 97.94277036,
        "hospital": 10346.1713,
        "largehotel": 707.848762,
        "largeoffice": 1458.148818,
        "mediumoffice": 0.12342009699999999,
        "midriseapartment": 265.2851759,
        "outpatient": 3417.120585,
        "primaryschool": 318.73600980000003,
        "retailstore": 175.104083,
        "secondaryschool": 1198.276619,
        "smallhotel": 72.42852638,
        "smalloffice": 5.898878347,
        "stripmall": 193.18730269999998,
        "supermarket": 1040.273464,
        "warehouse": 323.96697819999997,
        "flatload": 1228.8385369999999
    },
    "SanFrancisco": {
        "fastfoodrest": 127.22328700000001,
        "fullservicerest": 362.48645889999995,
        "hospital": 11570.9155,
        "largehotel": 1713.3629670000003,
        "largeoffice": 2690.1191,
        "mediumoffice": 3.8159670660000002,
        "midriseapartment": 648.4472797999999,
        "outpatient": 3299.0539519999998,
        "primaryschool": 818.2159102,
        "retailstore": 569.8081034,
        "secondaryschool": 3414.148347,
        "smallhotel": 189.0244446,
        "smalloffice": 27.53039453,
        "stripmall": 526.2320428,
        "supermarket": 2301.616069,
        "warehouse": 675.6758453,
        "flatload": 1808.604729
    },
    "Baltimore": {
        "fastfoodrest": 305.2671204,
        "fullservicerest": 657.1337578,
        "hospital": 11253.61694,
        "largehotel": 3731.0254619999996,
        "largeoffice": 5109.311943,
        "mediumoffice": 116.8101842,
        "midriseapartment": 1132.964052,
        "outpatient": 3285.227941,
        "primaryschool": 1428.239177,
        "retailstore": 1068.034778,
        "secondaryschool": 6557.634924,
        "smallhotel": 346.3683857,
        "smalloffice": 63.29818348,
        "stripmall": 1075.39546,
        "supermarket": 2929.182261,
        "warehouse": 1568.722061,
        "flatload": 2539.2645399999997
    },
    "Albuquerque": {
        "fastfoodrest": 199.73581399999998,
        "fullservicerest": 398.5712205,
        "hospital": 8371.240776999999,
        "largehotel": 2750.8382260000003,
        "largeoffice": 3562.0023950000004,
        "mediumoffice": 47.49307973,
        "midriseapartment": 805.0965778,
        "outpatient": 2971.868562,
        "primaryschool": 981.4176700999999,
        "retailstore": 755.4523907,
        "secondaryschool": 4338.227865999999,
        "smallhotel": 232.2194443,
        "smalloffice": 43.25360481,
        "stripmall": 760.0982018,
        "supermarket": 2302.228741,
        "warehouse": 1151.250885,
        "flatload": 1854.437216
    },
    "Seattle": {
        "fastfoodrest": 255.5992711,
        "fullservicerest": 627.5634984000001,
        "hospital": 11935.157290000001,
        "largehotel": 3343.683348,
        "largeoffice": 5266.970348,
        "mediumoffice": 28.97979768,
        "midriseapartment": 1117.5465470000001,
        "outpatient": 3468.128914,
        "primaryschool": 1263.541878,
        "retailstore": 952.2758742000001,
        "secondaryschool": 6367.850187,
        "smallhotel": 310.8087307,
        "smalloffice": 49.34878545,
        "stripmall": 969.1074739000001,
        "supermarket": 3004.1844929999997,
        "warehouse": 1137.398514,
        "flatload": 2506.1340600000003
    },
    "Chicago": {
        "fastfoodrest": 441.93439000000006,
        "fullservicerest": 888.3312571,
        "hospital": 12329.57943,
        "largehotel": 5104.848129,
        "largeoffice": 7706.028917000001,
        "mediumoffice": 216.01411800000002,
        "midriseapartment": 1482.040156,
        "outpatient": 3506.5381090000005,
        "primaryschool": 2006.0002120000001,
        "retailstore": 1472.8704380000001,
        "secondaryschool": 8962.172873,
        "smallhotel": 479.4653436000001,
        "smalloffice": 94.19308949,
        "stripmall": 1497.556168,
        "supermarket": 3696.2112950000005,
        "warehouse": 2256.477231,
        "flatload": 3258.766323
    },
    "Boulder": {
        "fastfoodrest": 306.8980525,
        "fullservicerest": 642.8843574,
        "hospital": 9169.381845,
        "largehotel": 3975.1080020000004,
        "largeoffice": 5027.882454,
        "mediumoffice": 124.26913059999998,
        "midriseapartment": 1098.944993,
        "outpatient": 3087.969786,
        "primaryschool": 1356.396807,
        "retailstore": 1086.9187570000001,
        "secondaryschool": 6268.036872,
        "smallhotel": 342.77800099999996,
        "smalloffice": 65.95714912,
        "stripmall": 1093.093638,
        "supermarket": 2966.790122,