{
    "Miami": 0.645047392328774,
    "Houston": 0.7545017515161061,
    "Phoenix": 0.763149422447438,
    "Atlanta": 0.7924285388504004,
    "LasVegas": 0.7685150734713309,
    "LosAngeles": 0.719634864860211,
    "SanFrancisco": 0.7679647533562831,
    "Baltimore": 0.8200923605661654,
    "Albuquerque": 0.7727876929848823,
    "Seattle": 0.8097378849136018,
    "Chicago": 0.8419727682411958,
    "Boulder": 0.7973540193275104,
    "Minneapolis": 0.8586998290144415,
    "Helena": 0.829776459996775,
    "Duluth": 0.8655834882918587,
    "Fairbanks": 0.9043863396327807
}