{
    "Miami": {
        "fastfoodrest": 58.898874977,
        "fullservicerest": 170.08361901,
        "hospital": 6691.1428375,
        "largehotel": 3911.3175136999994,
        "largeoffice": 296.9144429,
        "mediumoffice": 22.133020424999998,
        "midriseapartment": 196.76406331,
        "outpatient": 2586.7867862900002,
        "primaryschool": 155.09812803,
        "retailstore": 12.12015432,
        "secondaryschool": 453.6484731,
        "smallhotel": 251.331259901,
        "smalloffice": 10.204304288,
        "stripmall": 20.73216748,
        "supermarket": 119.22838427,
        "warehouse": 56.0796017,
        "flatload": 938.280227
    },
    "Houston": {
        "fastfoodrest": 148.05947054,
        "fullservicerest": 388.0871012,
        "hospital": 9262.7391226,
        "largehotel": 5992.702215,
        "largeoffice": 2390.8635248,
        "mediumoffice": 42.18663254,
        "midriseapartment": 585.281476,
        "outpatient": 2862.2012264299997,
        "primaryschool": 597.3238297,
        "retailstore": 289.0470815,
        "secondaryschool": 2325.9333435,
        "smallhotel": 399.61195580000003,
        "smalloffice": 29.829970189999997,
        "stripmall": 292.23235389999996,
        "supermarket": 1004.6035218700001,
        "warehouse": 475.9377273,
        "flatload": 1692.9150349
    },
    "Phoenix": {
        "fastfoodrest": 115.23997799,
        "fullservicerest": 318.1655812,
        "hospital": 9862.119291,
        "largehotel": 5023.981863,
        "largeoffice": 1725.9121971,
        "mediumoffice": 25.636524278,
        "midriseapartment": 466.58367150000004,
        "outpatient": 3106.17459812,
        "primaryschool": 422.385189,
        "retailstore": 208.66330580000002,
        "secondaryschool": 1685.8724783999999,
        "smallhotel": 346.82961656000003,
        "smalloffice": 20.043785648,
        "stripmall": 230.16060699999997,
        "supermarket": 991.0646117,
        "warehouse": 362.42249280000004,
        "flatload": 1556.9534865
    },
    "Atlanta": {
        "fastfoodrest": 240.17194289,
        "fullservicerest": 597.0197668999999,
        "hospital": 11083.0098157,
        "largehotel": 8049.9996439999995,
        "largeoffice": 3817.3104274999996,
        "mediumoffice": 78.62818408,
        "midriseapartment": 957.8632446,
        "outpatient": 3224.2265853,
        "primaryschool": 1080.5574569999999,
        "retailstore": 627.2489826000001,
        "secondaryschool": 4340.7019854,
        "smallhotel": 539.5300490999999,
        "smalloffice": 53.39936148,
        "stripmall": 615.2240506,
        "supermarket": 1902.2408296899998,
        "warehouse": 930.9449202,
        "flatload": 2383.6298283
    },
    "LasVegas": {
        "fastfoodrest": 163.72626189,
        "fullservicerest": 439.06740289999993,
        "hospital": 9641.271822800001,
        "largehotel": 6300.912972,
        "largeoffice": 2643.8677334,
        "mediumoffice": 31.588148901000004,
        "midriseapartment": 691.5432450000001,
        "outpatient": 2958.30394698,
        "primaryschool": 631.6213674,
        "retailstore": 386.0185744,
        "secondaryschool": 2605.182152,
        "smallhotel": 434.8005839,
        "smalloffice": 29.48723537,
        "stripmall": 389.30494280000005,
        "supermarket": 1499.3893646899999,
        "warehouse": 579.7671637999999,
        "flatload": 1839.1158075999997
    },
    "LosAngeles": {
        "fastfoodrest": 110.53602652999999,
        "fullservicerest": 309.72552326000005,
        "hospital": 10945.1063422,
        "largehotel": 6148.022795,
        "largeoffice": 1644.7687262999998,
        "mediumoffice": 29.038252957,
        "midriseapartment": 496.5005008,
        "outpatient": 3454.12881796,
        "primaryschool": 461.5419585,
        "retailstore": 175.104083,
        "secondaryschool": 1551.0233753,
        "smallhotel": 400.62207937999995,
        "smalloffice": 16.478995517,
        "stripmall": 193.18730269999998,
        "supermarket": 1061.62683779,
        "warehouse": 323.96697819999997,
        "flatload": 1707.5861621
    },
    "SanFrancisco": {
        "fastfoodrest": 204.35421652000002,
        "fullservicerest": 599.2045183,
        "hospital": 12242.32081,
        "largehotel": 7955.20561,
        "largeoffice": 2903.9636093999998,
        "mediumoffice": 35.895060076,
        "midriseapartment": 913.6170098999999,
        "outpatient": 3340.40895336,
        "primaryschool": 978.6666533,
        "retailstore": 569.8081034,
        "secondaryschool": 3815.5440019,
        "smallhotel": 557.1223558,
        "smalloffice": 38.43043832,
        "stripmall": 526.2320428,
        "supermarket": 2324.5452977,
        "warehouse": 675.6758453,
        "flatload": 2355.0621576
    },
    "Baltimore": {
        "fastfoodrest": 383.4862965,
        "fullservicerest": 897.4719138,
        "hospital": 11935.5491722,
        "largehotel": 10089.735748,
        "largeoffice": 5327.0425562,
        "mediumoffice": 149.33833841999999,
        "midriseapartment": 1403.0836061,
        "outpatient": 3327.18942316,
        "primaryschool": 1593.5507954999998,
        "retailstore": 1068.034778,
        "secondaryschool": 6975.5862212,
        "smallhotel": 720.2748017,
        "smalloffice": 74.24372376,
        "stripmall": 1075.39546,
        "supermarket": 2952.34021796,
        "warehouse": 1568.722061,
        "flatload": 3096.3153201999994
    },
    "Albuquerque": {
        "fastfoodrest": 276.65080079999996,
        "fullservicerest": 634.570475,
        "hospital": 9040.553637699999,
        "largehotel": 8969.921256,
        "largeoffice": 3774.9968724000005,
        "mediumoffice": 79.4703426,
        "midriseapartment": 1069.3029235,
        "outpatient": 3013.07495213,
        "primaryschool": 1143.5732819999998,
        "retailstore": 755.4523907,
        "secondaryschool": 4747.3928522999995,
        "smallhotel": 599.1907371,
        "smalloffice": 54.14309832,
        "stripmall": 760.0982018,
        "supermarket": 2325.11399718,
        "warehouse": 1151.250885,
        "flatload": 2399.672294
    },
    "Seattle": {
        "fastfoodrest": 337.40158346,
        "fullservicerest": 879.8244509000001,
        "hospital": 12651.768422300001,
        "largehotel": 10085.420065,
        "largeoffice": 5497.7761328999995,
        "mediumoffice": 63.02725823,
        "midriseapartment": 1403.8877574,
        "outpatient": 3512.20233564,
        "primaryschool": 1435.5652102,
        "retailstore": 952.2758742000001,
        "secondaryschool": 6801.9308181,
        "smallhotel": 703.7776457,
        "smalloffice": 60.44742137,
        "stripmall": 969.1074739000001,
        "supermarket": 3028.09628037,
        "warehouse": 1137.398514,
        "flatload": 3094.9942033
    },
    "Chicago": {
        "fastfoodrest": 526.1989096000001,
        "fullservicerest": 1148.7767415,
        "hospital": 13069.9966816,
        "largehotel": 12109.931485000001,
        "largeoffice": 7945.735512900001,
        "mediumoffice": 251.09596387000002,
        "midriseapartment": 1779.5340144,
        "outpatient": 3552.0341097900005,
        "primaryschool": 2185.4641467,
        "retailstore": 1472.8704380000001,
        "secondaryschool": 9419.0546139,
        "smallhotel": 885.5405268000001,
        "smalloffice": 105.39639179000001,
        "stripmall": 1497.556168,
        "supermarket": 3720.6405342000007,
        "warehouse": 2256.477231,
        "flatload": 3870.3939674999997
    },
    "Boulder": {
        "fastfoodrest": 390.85006792,
        "fullservicerest": 902.2841326,
        "hospital": 9906.75385,
        "largehotel": 10946.437242000002,
        "largeoffice": 5266.454973,
        "mediumoffice": 159.21780149999998,
        "midriseapartment": 1395.0097029,
        "outpatient": 3133.28415764,
        "primaryschool": 1534.7346596,
        "retailstore": 1086.9187570000001,
        "secondaryschool": 6721.265409,