Ratchet,DemandTier,PeakDemand
1,1,0,
2,1,0,
3,1,0,
4,1,0,
5,1,0,
6,1,0,
7,1,0,
8,1,0,
9,1,0,
10,1,0,
11,1,0,
12,1,0,
,
Month,Peak_Demand
1,50,
1,0,
1,0,
2,50,
2,0,
2,0,
3,50,
3,0,
3,0,
4,50,
4,3.49945,
4,0,
5,50,
5,16.2665,
5,0,
6,50,
6,23.2673,
6,0,
7,50,
7,29.5535,
7,0,
8,50,
8,20.9065,
8,0,
9,50,
9,14.4722,
9,0,
10,50,
10,3.15257,
10,0,
11,50,
11,0,
11,0,
12,50,
12,0,
12,0,
